"shop","address","website","contact"
"St. Mary's General Hospital","350 Boulevard, Passaic, NJ 07055, United States","smh-nj.com","+1 973-365-4300"
"University Hospital","150 Bergen St, Newark, NJ 07103, United States","uhnj.org","+1 973-972-4300"
"Hudson Regional Hospital","55 Meadowlands Pkwy, Secaucus, NJ 07094, United States","hudsonregionalhospital.com","+1 201-392-3100"
"Kindred Hospital New Jersey - Rahway","865 Stone St, Rahway, NJ 07065, United States","kindredhealthcare.com","kindredhealthcare.com"
"HMH Jersey Shore University Medical Center","1945 NJ-33, Neptune Township, NJ 07753, United States","hackensackmeridianhealth.org","+1 732-775-5500"
"Englewood Hospital","350 Engle St, Englewood, NJ 07631, United States","englewoodhealth.org","+1 201-894-3000"
"Christ Hospital, Jersey City, NJ","176 Palisade Ave, Jersey City, NJ 07306, United States","carepointhealth.org","+1 201-795-8200"
"Robert Wood Johnson University Hospital","1 Robert Wood Johnson Pl, New Brunswick, NJ 08901, United States","rwjbh.org","+1 732-828-3000"
"Mountainside Medical Center","1 Bay Ave, Montclair, NJ 07042, United States","mountainsidehosp.com","+1 973-429-6000"
"Kindred Hospital East New Jersey","350 Boulevard, Passaic, NJ 07055, United States","kindredhealthcare.com","kindredhealthcare.com"
"HMH Bayshore Medical Center","727 N Beers St, Holmdel, NJ 07733, United States","hackensackmeridianhealth.org","+1 732-739-5900"
"HMH JFK University Medical Center","65 James St, Edison, NJ 08820, United States","hackensackmeridianhealth.org","+1 732-321-7000"
"Robert Wood Johnson University Hospital Rahway","865 Stone St, Rahway, NJ 07065, United States","rwjbh.org","+1 732-381-4200"
"The Valley Hospital","4 Valley Health Plaza, Paramus, NJ 07652, United States","valleyhealth.com","+1 201-447-8000"
"HMH Old Bridge Medical Center","1 Hospital Plaza, Old Bridge, NJ 08857, United States","hackensackmeridianhealth.org","+1 732-360-1000"
"St. Joseph's University Medical Center","703 Main St, Paterson, NJ 07503, United States","stjosephshealth.org","+1 973-754-2000"
"HMH Ocean University Medical Center","425 Jack Martin Blvd, Brick Township, NJ 08724, United States","hackensackmeridianhealth.org","+1 732-840-2200"
"Kindred Hospital New Jersey - Morris County","400 W Blackwell St, Dover, NJ 07801, United States","kindredhealthcare.com","kindredhealthcare.com"
"Select Specialty Hospital - Northeast NJ","96 Parkway, Rochelle Park, NJ 07662, United States","selectspecialtyhospitals.com","+1 201-221-2352"
"Trinitas Regional Medical Center Williamson Street Campus","225 Williamson St, Elizabeth, NJ 07202, United States","rwjbh.org","+1 908-994-5000"
"Kindred Hospital New Jersey - Morris County","400 W Blackwell St, Dover, NJ 07801, United States","kindredhealthcare.com","kindredhealthcare.com"
"Jefferson Stratford Hospital","18 Laurel Rd, Stratford, NJ 08084, United States","jeffersonhealth.org","+1 856-346-6000"
"Select Specialty Hospital - Northeast NJ","96 Parkway, Rochelle Park, NJ 07662, United States","selectspecialtyhospitals.com","+1 201-221-2352"
"Jefferson Cherry Hill Hospital","2201 Chapel Ave W, Cherry Hill, NJ 08002, United States","jeffersonhealth.org","+1 856-488-6500"
"Robert Wood Johnson University Hospital Hamilton","1 Hamilton Health Pl, Hamilton Township, NJ 08690, United States","rwjbh.org","+1 609-586-7900"
"Specialty Hospital of Central Jersey","600 River Ave, Lakewood, NJ 08701, United States","specialtyhospitalcj.com","specialtyhospitalcj.com"
"Chilton Medical Center","97 West Pkwy, Pompton Plains, NJ 07444, United States","atlantichealth.org","+1 973-831-5000"
"Hackensack Meridian Health Pascack Valley Medical Center","250 Old Hook Rd, Westwood, NJ 07675, United States","hackensackumcpv.com","+1 201-383-1035"
"Newton Medical Center","175 High St, Newton, NJ 07860, United States","atlantichealth.org","+1 973-383-2121"
"Columbus Hospital","495 N 13th St, Newark, NJ 07107, United States","columbusltach.org","+1 973-587-7777"
"HMH Riverview Medical Center","1 Riverview Plaza, Red Bank, NJ 07701, United States","hackensackmeridianhealth.org","+1 732-741-2700"
"Cooperman Barnabas Medical Center","94 Old Short Hills Rd, Livingston, NJ 07039, United States","rwjbh.org","+1 973-322-5000"
"Hoboken University Medical Center","308 Willow Ave, Hoboken, NJ 07030, United States","carepointhealth.org","+1 201-418-1000"
"HMH Palisades Medical Center","7600 River Rd, North Bergen, NJ 07047, United States","hackensackmeridianhealth.org","+1 201-854-5000"
"Monmouth Medical Center","300 2nd Ave, Long Branch, NJ 07740, United States","rwjbh.org","+1 732-222-5200"
"Overlook Medical Center","99 Beauvoir Ave, Summit, NJ 07901, United States","atlantichealth.org","+1 908-522-2000"
"Virtua Willingboro Hospital","218A Sunset Rd, Willingboro, NJ 08046, United States","virtua.org","+1 609-835-2900"
"Holy Name Medical Center","718 Teaneck Rd, Teaneck, NJ 07666, United States","holyname.org","+1 201-833-3000"
"Virtua Our Lady of Lourdes Hospital","1600 Haddon Ave, Camden, NJ 08103, United States","virtua.org","+1 856-757-3500"
"Jersey City Medical Center","355 Grand St, Jersey City, NJ 07302, United States","rwjbh.org","+1 201-915-2000"
"Acuity Specialty Hospital of Southern New Jersey","218 Sunset Rd, Willingboro, NJ 08046, United States","acuityhealthcare.net","+1 609-835-3650"
"St. Joseph’s Wayne Hospital","224 Hamburg Tpke, Wayne, NJ 07470, United States","","WQWW+PM Wayne, New Jersey, USA"
"Trinitas Regional Medical Center - New Point Campus","655 E Jersey St, Elizabeth, NJ 07206, United States","rwjbh.org","+1 908-994-5000"
"Bergen New Bridge Medical Center","230 E Ridgewood Ave, Paramus, NJ 07652, United States","newbridgehealth.org","+1 201-967-4000"
"Cooper University Hospital","1 Cooper Plaza, Camden, NJ 08103, United States","cooperhealth.org","cooperhealth.org"
"Virtua Mount Holly Hospital","175 Madison Ave, Mt Holly, NJ 08060, United States","virtua.org","+1 609-914-6000"
"Morristown Medical Center","100 Madison Ave, Morristown, NJ 07960, United States","atlantichealth.org","+1 973-971-5000"
"Clara Maass Medical Center","1 Clara Maass Dr, Belleville, NJ 07109, United States","rwjbh.org","+1 973-450-2000"
"St. Luke's Hospital - Warren Campus","185 Roseberry St, Phillipsburg, NJ 08865, United States","findalocation.slhn.org","+1 866-785-8537"
"Hackettstown Medical Center","651 Willow Grove St, Hackettstown, NJ 07840, United States","atlantichealth.org","+1 908-852-5100"
"Saint Peter's University Hospital","254 Easton Ave, New Brunswick, NJ 08901, United States","saintpetershcs.com","+1 732-745-8600"
"Penn Medicine Princeton Medical Center","1 Plainsboro Rd, Plainsboro Township, NJ 08536, United States","princetonhcs.org","+1 609-853-7000"
"CentraState Medical Center","901 W Main St, Freehold Township, NJ 07728, United States","centrastate.com","+1 732-431-2000"
"Community Medical Center","99 NJ-37, Toms River, NJ 08755, United States","rwjbh.org","+1 732-557-8000"
"Robert Wood Johnson University Hospital Somerset","110 Rehill Ave, Somerville, NJ 08876, United States","rwjbh.org","+1 908-685-2200"
"Saint Clare’s Denville Hospital","25 Pocono Rd, Denville, NJ 07834, United States","saintclares.com","+1 973-625-6000"
"HMH Southern Ocean Medical Center","1140 NJ-72, Stafford Township, NJ 08050, United States","hackensackmeridianhealth.org","+1 609-597-6011"
"CareWell Health Medical Center","300 Central Ave, East Orange, NJ 07018, United States","carewellhealth.org","+1 973-672-8400"
"Inspira Hospital Woodbury","17 W Red Bank Ave #301, Woodbury, NJ 08096, United States","inspirahealthnetwork.org","inspirahealthnetwork.org"
"Capital Health Regional Medical Center","750 Brunswick Ave, Trenton, NJ 08638, United States","capitalhealth.org","+1 609-394-6000"
"Jefferson Washington Township Hospital","435 Hurffville - Cross Keys Rd, Washington Township, NJ 08080, United States","jeffersonhealth.org","+1 856-582-2500"
"Virtua Marlton Hospital","90 Brick Rd, Marlton, NJ 08053, United States","virtua.org","+1 856-355-6000"
"CARE WELL HEALTH MEDICAL CENTER","300 Central Ave, East Orange, NJ 07018, United States","carewellhealth.org","+1 973-672-8400"
"Monmouth Medical Center, Southern Campus","600 River Ave, Lakewood, NJ 08701, United States","rwjbh.org","+1 732-363-1900"
"St. Joseph's Health Main Hospital","Paterson, NJ 07503, United States","stjosephshealth.org","stjosephshealth.org"
"Children's Specialized Hospital Inpatient Hospital – New Brunswick","200 Somerset St, New Brunswick, NJ 08901, United States","rwjbh.org","rwjbh.org"
"Raritan Bay Medical Center-Old Bridge","Ferry Rd, Old Bridge, NJ 08857, United States","","9MMG+6F Old Bridge, NJ, USA"
"Select Specialty Hospital - Willingboro","218 Sunset Rd, Willingboro, NJ 08046, United States","selectspecialtyhospitals.com","+1 609-835-3650"
"Hunterdon Medical Center","2100 Wescott Dr, Flemington, NJ 08822, United States","hunterdonhealth.org","+1 908-788-6100"
"Children's Hospital of New Jersey at Newark Beth Israel Medical Center","201 Lyons Ave, Newark, NJ 07112, United States","rwjbh.org","rwjbh.org"
"Newark Beth Israel Medical Center","201 Lyons Ave, Newark, NJ 07112, United States","rwjbh.org","+1 973-926-7000"
"Monmouth Medical Center, Southern Campus- Emergency Room","600 River Ave, Lakewood, NJ 08701, United States","barnabashealth.org","barnabashealth.org"
"Capital Health Medical Center – Hopewell","1 Capital Way, Pennington, NJ 08534, United States","capitalhealth.org","+1 800-637-2374"
"Saint Michael's Medical Center","111 Central Ave, Newark, NJ 07102, United States","smmcnj.com","PRVG+H4 Newark, New Jersey, USA"